-- MySQL Script generated by MySQL Workbench
-- Mon Jun 10 10:09:01 2024
-- Model: New Model    Version: 1.0
-- MySQL Workbench Forward Engineering

SET @OLD_UNIQUE_CHECKS=@@UNIQUE_CHECKS, UNIQUE_CHECKS=0;
SET @OLD_FOREIGN_KEY_CHECKS=@@FOREIGN_KEY_CHECKS, FOREIGN_KEY_CHECKS=0;
SET @OLD_SQL_MODE=@@SQL_MODE, SQL_MODE='ONLY_FULL_GROUP_BY,STRICT_TRANS_TABLES,NO_ZERO_IN_DATE,NO_ZERO_DATE,ERROR_FOR_DIVISION_BY_ZERO,NO_ENGINE_SUBSTITUTION';

-- -----------------------------------------------------
-- Schema mydb
-- -----------------------------------------------------

-- -----------------------------------------------------
-- Schema mydb
-- -----------------------------------------------------
CREATE SCHEMA IF NOT EXISTS `mydb` DEFAULT CHARACTER SET utf8 ;
USE `mydb` ;

-- -----------------------------------------------------
-- Table `mydb`.`actor`
-- -----------------------------------------------------
CREATE TABLE IF NOT EXISTS `mydb`.`actor` (
  `idActor` INT NOT NULL AUTO_INCREMENT,
  `Nombre` VARCHAR(100) NOT NULL,
  `Apellido` VARCHAR(100) NOT NULL,
  `anoNacimiento` INT NULL DEFAULT NULL,
  `premioOscar` TINYINT NOT NULL,
  PRIMARY KEY (`idActor`))
ENGINE = InnoDB
AUTO_INCREMENT = 29
DEFAULT CHARACTER SET = utf8mb3;


-- -----------------------------------------------------
-- Table `mydb`.`genero`
-- -----------------------------------------------------
CREATE TABLE IF NOT EXISTS `mydb`.`genero` (
  `idGenero` INT NOT NULL AUTO_INCREMENT,
  `nombre` VARCHAR(45) NULL DEFAULT NULL,
  PRIMARY KEY (`idGenero`))
ENGINE = InnoDB
AUTO_INCREMENT = 8
DEFAULT CHARACTER SET = utf8mb3;


-- -----------------------------------------------------
-- Table `mydb`.`Streaming`
-- -----------------------------------------------------
CREATE TABLE IF NOT EXISTS `mydb`.`Streaming` (
  `idStreaming` INT NOT NULL,
  `nombreServicio` VARCHAR(45) NULL,
  PRIMARY KEY (`idStreaming`))
ENGINE = InnoDB;


-- -----------------------------------------------------
-- Table `mydb`.`pelicula`
-- -----------------------------------------------------
CREATE TABLE IF NOT EXISTS `mydb`.`pelicula` (
  `idPelicula` INT NOT NULL AUTO_INCREMENT,
  `titulo` VARCHAR(200) NOT NULL,
  `director` VARCHAR(200) NOT NULL,
  `anoPublicacion` INT NOT NULL,
  `rating` DOUBLE NULL DEFAULT NULL,
  `boxOffice` DOUBLE NULL DEFAULT NULL,
  `idGenero` INT NOT NULL,
  `duracion` VARCHAR(45) NULL,
  `premioOscar` TINYINT NULL,
  `idStreaming` INT NOT NULL,
  PRIMARY KEY (`idPelicula`, `idGenero`),
  INDEX `fk_Pelicula_Genero_idx` (`idGenero` ASC) VISIBLE,
  INDEX `fk_pelicula_Streaming1_idx` (`idStreaming` ASC) VISIBLE,
  CONSTRAINT `fk_Pelicula_Genero`
    FOREIGN KEY (`idGenero`)
    REFERENCES `mydb`.`genero` (`idGenero`),
  CONSTRAINT `fk_pelicula_Streaming1`
    FOREIGN KEY (`idStreaming`)
    REFERENCES `mydb`.`Streaming` (`idStreaming`)
    ON DELETE NO ACTION
    ON UPDATE NO ACTION)
ENGINE = InnoDB
AUTO_INCREMENT = 15
DEFAULT CHARACTER SET = utf8mb3;


-- -----------------------------------------------------
-- Table `mydb`.`protagonistas`
-- -----------------------------------------------------
CREATE TABLE IF NOT EXISTS `mydb`.`protagonistas` (
  `idPelicula` INT NOT NULL,
  `idActor` INT NOT NULL,
  PRIMARY KEY (`idPelicula`, `idActor`),
  INDEX `fk_Pelicula_has_Actor_Actor1_idx` (`idActor` ASC) VISIBLE,
  INDEX `fk_Pelicula_has_Actor_Pelicula1_idx` (`idPelicula` ASC) VISIBLE,
  CONSTRAINT `fk_Pelicula_has_Actor_Actor1`
    FOREIGN KEY (`idActor`)
    REFERENCES `mydb`.`actor` (`idActor`),
  CONSTRAINT `fk_Pelicula_has_Actor_Pelicula1`
    FOREIGN KEY (`idPelicula`)
    REFERENCES `mydb`.`pelicula` (`idPelicula`))
ENGINE = InnoDB
DEFAULT CHARACTER SET = utf8mb3;


SET SQL_MODE=@OLD_SQL_MODE;
SET FOREIGN_KEY_CHECKS=@OLD_FOREIGN_KEY_CHECKS;
SET UNIQUE_CHECKS=@OLD_UNIQUE_CHECKS;

INSERT INTO `mydb`.`genero` (`idGenero`, `nombre`) VALUES ('1', 'Comedia');
INSERT INTO `mydb`.`genero` (`idGenero`, `nombre`) VALUES ('2', 'Drama');
INSERT INTO `mydb`.`genero` (`idGenero`, `nombre`) VALUES ('3', 'Suspenso');
INSERT INTO `mydb`.`genero` (`idGenero`, `nombre`) VALUES ('4', 'Terror');
INSERT INTO `mydb`.`genero` (`idGenero`, `nombre`) VALUES ('5', 'Romantica');
INSERT INTO `mydb`.`genero` (`idGenero`, `nombre`) VALUES ('6', 'Aventuras');
INSERT INTO `mydb`.`genero` (`idGenero`, `nombre`) VALUES ('7', 'SciFi');

INSERT INTO `mydb`.`streaming` (`idStreaming`, `nombreServicio`) VALUES ('1', 'Netflix');
INSERT INTO `mydb`.`streaming` (`idStreaming`, `nombreServicio`) VALUES ('2', 'HBO Max');
INSERT INTO `mydb`.`streaming` (`idStreaming`, `nombreServicio`) VALUES ('3', 'Amazon Prime');
INSERT INTO `mydb`.`streaming` (`idStreaming`, `nombreServicio`) VALUES ('4', 'Star Plus');

INSERT INTO `mydb`.`pelicula` (`idPelicula`, `titulo`, `director`, `anoPublicacion`, `rating`, `boxOffice`, `idGenero`, `duracion`, `premioOscar`, `idStreaming`) VALUES ('1', 'SuperBad', 'Greg Motolla', '2007', '7.6', '170000000', '1', '120min', '1', '1');
INSERT INTO `mydb`.`pelicula` (`idPelicula`, `titulo`, `director`, `anoPublicacion`, `rating`, `boxOffice`, `idGenero`, `duracion`, `premioOscar`, `idStreaming`) VALUES ('2', 'The Mask', 'Chuck Russel', '1994', '6.9', '351000000', '1', '1000min', '0', '2');
INSERT INTO `mydb`.`pelicula` (`idPelicula`, `titulo`, `director`, `anoPublicacion`, `rating`, `boxOffice`, `idGenero`, `duracion`, `premioOscar`, `idStreaming`) VALUES ('3', 'La Milla Verde', 'Frank Darabont', '1999', '8.6', '286000000', '2', '150min', '1', '3');
INSERT INTO `mydb`.`pelicula` (`idPelicula`, `titulo`, `director`, `anoPublicacion`, `rating`, `boxOffice`, `idGenero`, `duracion`, `premioOscar`, `idStreaming`) VALUES ('4', 'El Padrino', 'Ford Coppola', '1972', '9.2', '248000000', '2', '90min', '0', '4');
INSERT INTO `mydb`.`pelicula` (`idPelicula`, `titulo`, `director`, `anoPublicacion`, `rating`, `boxOffice`, `idGenero`, `duracion`, `premioOscar`, `idStreaming`) VALUES ('5', 'A Quiet Place', 'John Krasinski', '2018', '7.5', '341000000', '3', '80min', '1', '3');
INSERT INTO `mydb`.`pelicula` (`idPelicula`, `titulo`, `director`, `anoPublicacion`, `rating`, `boxOffice`, `idGenero`, `duracion`, `premioOscar`, `idStreaming`) VALUES ('6', 'Seven', 'David Fincher', '1995', '8.6', '327000000', '3', '120min', '1', '2');
INSERT INTO `mydb`.`pelicula` (`idPelicula`, `titulo`, `director`, `anoPublicacion`, `rating`, `boxOffice`, `idGenero`, `duracion`, `premioOscar`, `idStreaming`) VALUES ('7', 'IT ', 'Andy Muschietti', '2017', '7.3', '701000000', '4', '200min', '0', '4');
INSERT INTO `mydb`.`pelicula` (`idPelicula`, `titulo`, `director`, `anoPublicacion`, `rating`, `boxOffice`, `idGenero`, `duracion`, `premioOscar`, `idStreaming`) VALUES ('8', 'Hereditary', 'Ari Aster', '2018', '7.3', '82000000', '4', '170min', '1', '1');
INSERT INTO `mydb`.`pelicula` (`idPelicula`, `titulo`, `director`, `anoPublicacion`, `rating`, `boxOffice`, `idGenero`, `duracion`, `premioOscar`, `idStreaming`) VALUES ('9', 'Titanic', 'James Cameron', '1997', '7.9', '2000000000', '5', '500min', '0', '1');
INSERT INTO `mydb`.`pelicula` (`idPelicula`, `titulo`, `director`, `anoPublicacion`, `rating`, `boxOffice`, `idGenero`, `duracion`, `premioOscar`, `idStreaming`) VALUES ('10', 'The Wedding Singer', 'Frank Coraci', '1998', '6.9', '123000000', '5', '120min', '1', '2');
INSERT INTO `mydb`.`pelicula` (`idPelicula`, `titulo`, `director`, `anoPublicacion`, `rating`, `boxOffice`, `idGenero`, `duracion`, `premioOscar`, `idStreaming`) VALUES ('11', 'Mad Max Fury Road', 'George Miller', '2015', '8.1', '380000000', '6', '400min', '0', '3');
INSERT INTO `mydb`.`pelicula` (`idPelicula`, `titulo`, `director`, `anoPublicacion`, `rating`, `boxOffice`, `idGenero`, `duracion`, `premioOscar`, `idStreaming`) VALUES ('12', 'Dune Part2', 'Dennis Villeneuve', '2024', '8.6', '282000000', '6', '800min', '1', '4');
INSERT INTO `mydb`.`pelicula` (`idPelicula`, `titulo`, `director`, `anoPublicacion`, `rating`, `boxOffice`, `idGenero`, `duracion`, `premioOscar`, `idStreaming`) VALUES ('13', 'Her', 'Spike Jonze', '2013', '8.0', '48000000', '7', '120min', '0', '2');
INSERT INTO `mydb`.`pelicula` (`idPelicula`, `titulo`, `director`, `anoPublicacion`, `rating`, `boxOffice`, `idGenero`, `duracion`, `premioOscar`, `idStreaming`) VALUES ('14', 'Interestellar', 'Christopher Nolan', '2014', '8.7', '700000000', '7', '220min', '0', '4');


INSERT INTO `mydb`.`ACTOR` (`idActor`, `Nombre`, `Apellido`, `anoNacimiento`, `premioOscar`) VALUES ('1', 'Michael', 'Cera', '1988', '0');
INSERT INTO `mydb`.`ACTOR` (`idActor`, `Nombre`, `Apellido`, `anoNacimiento`, `premioOscar`) VALUES ('2', 'Jonah', 'Hill', '1983', '0');
INSERT INTO `mydb`.`actor` (`idActor`, `Nombre`, `Apellido`, `anoNacimiento`, `premioOscar`) VALUES ('3', 'Jim', 'Carrey', '1962', '0');
INSERT INTO `mydb`.`actor` (`idActor`, `Nombre`, `Apellido`, `anoNacimiento`, `premioOscar`) VALUES ('4', 'Cameron ', 'Diaz', '1972', '0');
INSERT INTO `mydb`.`actor` (`idActor`, `Nombre`, `Apellido`, `anoNacimiento`, `premioOscar`) VALUES ('5', 'Tom ', 'Hanks', '1956', '1');
INSERT INTO `mydb`.`actor` (`idActor`, `Nombre`, `Apellido`, `anoNacimiento`, `premioOscar`) VALUES ('6', 'Michael', 'Clarke Dunkan', '1957', '0');
INSERT INTO `mydb`.`actor` (`idActor`, `Nombre`, `Apellido`, `anoNacimiento`, `premioOscar`) VALUES ('7', 'Marlon', 'Brando', '1924', '1');
INSERT INTO `mydb`.`actor` (`idActor`, `Nombre`, `Apellido`, `anoNacimiento`, `premioOscar`) VALUES ('8', 'Al', 'Pacino', '1940', '1');
INSERT INTO `mydb`.`actor` (`idActor`, `Nombre`, `Apellido`, `anoNacimiento`, `premioOscar`) VALUES ('9', 'John ', 'Krasinski', '1979', '0');
INSERT INTO `mydb`.`actor` (`idActor`, `Nombre`, `Apellido`, `anoNacimiento`, `premioOscar`) VALUES ('10', 'Emily', 'Blunt', '1983', '0');
INSERT INTO `mydb`.`actor` (`idActor`, `Nombre`, `Apellido`, `anoNacimiento`, `premioOscar`) VALUES ('11', 'Brad', 'Pitt', '1963', '1');
INSERT INTO `mydb`.`actor` (`idActor`, `Nombre`, `Apellido`, `anoNacimiento`, `premioOscar`) VALUES ('12', 'Morgan', 'Freeman', '1927', '1');
INSERT INTO `mydb`.`actor` (`idActor`, `Nombre`, `Apellido`, `anoNacimiento`, `premioOscar`) VALUES ('13', 'Bill', 'Skarsgard', '1990', '0');
INSERT INTO `mydb`.`actor` (`idActor`, `Nombre`, `Apellido`, `anoNacimiento`, `premioOscar`) VALUES ('14', 'Finn', 'Wolfhard', '2002', '0');
INSERT INTO `mydb`.`actor` (`idActor`, `Nombre`, `Apellido`, `anoNacimiento`, `premioOscar`) VALUES ('15', 'Toni', 'Collette', '1972', '0');
INSERT INTO `mydb`.`actor` (`idActor`, `Nombre`, `Apellido`, `anoNacimiento`, `premioOscar`) VALUES ('16', 'Alex', 'Wolf', '1997', '0');
INSERT INTO `mydb`.`actor` (`idActor`, `Nombre`, `Apellido`, `anoNacimiento`, `premioOscar`) VALUES ('17', 'Leonardo', 'Di Caprio', '1974', '1');
INSERT INTO `mydb`.`actor` (`idActor`, `Nombre`, `Apellido`, `anoNacimiento`, `premioOscar`) VALUES ('18', 'Kate ', 'Winslet', '1975', '0');
INSERT INTO `mydb`.`actor` (`idActor`, `Nombre`, `Apellido`, `anoNacimiento`, `premioOscar`) VALUES ('19', 'Adam', 'Sandler', '1966', '0');
INSERT INTO `mydb`.`actor` (`idActor`, `Nombre`, `Apellido`, `anoNacimiento`, `premioOscar`) VALUES ('20', 'Drew', 'Barrymore', '1975', '0');
INSERT INTO `mydb`.`actor` (`idActor`, `Nombre`, `Apellido`, `anoNacimiento`, `premioOscar`) VALUES ('21', 'Tom', 'Hardy', '1977', '0');
INSERT INTO `mydb`.`actor` (`idActor`, `Nombre`, `Apellido`, `anoNacimiento`, `premioOscar`) VALUES ('22', 'Charlize', 'Theron', '1975', '1');
INSERT INTO `mydb`.`actor` (`idActor`, `Nombre`, `Apellido`, `anoNacimiento`, `premioOscar`) VALUES ('23', 'Timothee', 'Chalamet', '1995', '0');
INSERT INTO `mydb`.`actor` (`idActor`, `Nombre`, `Apellido`, `anoNacimiento`, `premioOscar`) VALUES ('24', 'Zendaya', 'Stoermer', '1966', '0');
INSERT INTO `mydb`.`actor` (`idActor`, `Nombre`, `Apellido`, `anoNacimiento`, `premioOscar`) VALUES ('25', 'Joaquin', 'Phoenix', '1974', '1');
INSERT INTO `mydb`.`actor` (`idActor`, `Nombre`, `Apellido`, `anoNacimiento`, `premioOscar`) VALUES ('26', 'Scarlett', 'Johansonn', '1984', '0');
INSERT INTO `mydb`.`actor` (`idActor`, `Nombre`, `Apellido`, `anoNacimiento`, `premioOscar`) VALUES ('27', 'Matthew', 'McConaughey', '1969', '1');
INSERT INTO `mydb`.`actor` (`idActor`, `Nombre`, `Apellido`, `anoNacimiento`, `premioOscar`) VALUES ('28', 'Anne ', 'Hathaway', '1982', '1');

INSERT INTO `mydb`.`PROTAGONISTAS` (`idPelicula`, `idActor`) VALUES ('1', '1');
INSERT INTO `mydb`.`PROTAGONISTAS` (`idPelicula`, `idActor`) VALUES ('1', '2');
INSERT INTO `mydb`.`protagonistas` (`idPelicula`, `idActor`) VALUES ('2', '3');
INSERT INTO `mydb`.`protagonistas` (`idPelicula`, `idActor`) VALUES ('2', '4');
INSERT INTO `mydb`.`protagonistas` (`idPelicula`, `idActor`) VALUES ('3', '5');
INSERT INTO `mydb`.`protagonistas` (`idPelicula`, `idActor`) VALUES ('3', '6');
INSERT INTO `mydb`.`protagonistas` (`idPelicula`, `idActor`) VALUES ('4', '7');
INSERT INTO `mydb`.`protagonistas` (`idPelicula`, `idActor`) VALUES ('4', '8');
INSERT INTO `mydb`.`protagonistas` (`idPelicula`, `idActor`) VALUES ('5', '9');
INSERT INTO `mydb`.`protagonistas` (`idPelicula`, `idActor`) VALUES ('5', '10');
INSERT INTO `mydb`.`protagonistas` (`idPelicula`, `idActor`) VALUES ('6', '11');
INSERT INTO `mydb`.`protagonistas` (`idPelicula`, `idActor`) VALUES ('6', '12');
INSERT INTO `mydb`.`protagonistas` (`idPelicula`, `idActor`) VALUES ('7', '13');
INSERT INTO `mydb`.`protagonistas` (`idPelicula`, `idActor`) VALUES ('7', '14');
INSERT INTO `mydb`.`protagonistas` (`idPelicula`, `idActor`) VALUES ('8', '15');
INSERT INTO `mydb`.`protagonistas` (`idPelicula`, `idActor`) VALUES ('8', '16');
INSERT INTO `mydb`.`protagonistas` (`idPelicula`, `idActor`) VALUES ('9', '17');
INSERT INTO `mydb`.`protagonistas` (`idPelicula`, `idActor`) VALUES ('9', '18');
INSERT INTO `mydb`.`protagonistas` (`idPelicula`, `idActor`) VALUES ('10', '19');
INSERT INTO `mydb`.`protagonistas` (`idPelicula`, `idActor`) VALUES ('10', '20');
INSERT INTO `mydb`.`protagonistas` (`idPelicula`, `idActor`) VALUES ('11', '21');
INSERT INTO `mydb`.`protagonistas` (`idPelicula`, `idActor`) VALUES ('11', '22');
INSERT INTO `mydb`.`protagonistas` (`idPelicula`, `idActor`) VALUES ('12', '23');
INSERT INTO `mydb`.`protagonistas` (`idPelicula`, `idActor`) VALUES ('12', '24');
INSERT INTO `mydb`.`protagonistas` (`idPelicula`, `idActor`) VALUES ('13', '25');
INSERT INTO `mydb`.`protagonistas` (`idPelicula`, `idActor`) VALUES ('13', '26');
INSERT INTO `mydb`.`protagonistas` (`idPelicula`, `idActor`) VALUES ('14', '27');
INSERT INTO `mydb`.`protagonistas` (`idPelicula`, `idActor`) VALUES ('14', '28');